{"cameraMode":{"drawMode":0,"name":"Shaded","section":"Shading Mode"},"sceneLighting":true,"audioPlay":false,"sceneViewState":{"m_AlwaysRefresh":false,"showFog":true,"showSkybox":true,"showFlares":true,"showImageEffects":true,"showParticleSystems":true,"showVisualEffectGraphs":true,"m_FxEnabled":true},"in2DMode":false,"pivot":{"x":-1.6374038457870484,"y":2.3911101818084719,"z":-3.180039882659912},"rotation":{"x":-0.009308997541666031,"y":-0.011402216739952565,"z":0.00010624583228491247,"w":-0.999895453453064},"size":4.223933696746826,"orthographic":false}